{"count":1,"gauges":{"3DBall.CumulativeReward":{"count":7,"max":3.79999781,"min":0.2000002,"value":0.2000002,"weightedAverage":1.13515615}},"self":19.085112,"total":19.3213062,"children":{"AgentSendState":{"count":951,"self":0.0049897,"total":0.0069841,"children":{"CollectObservations":{"count":2292,"self":0.0019944,"total":0.0019944,"children":null}}},"DecideAction":{"count":951,"self":0.223265,"total":0.223265,"children":null},"AgentAct":{"count":951,"self":0.0049464,"total":0.0049464,"children":null}}}