{"count":1,"gauges":{"3DBallHard.CumulativeReward":{"count":2,"max":3.89999771,"min":0.7000003,"value":3.89999771,"weightedAverage":1.49999964}},"self":6.5322964,"total":6.6916312,"children":{"AgentSendState":{"count":327,"self":0.0019904,"total":0.0039806,"children":{"CollectObservations":{"count":792,"self":0.0019901999999999997,"total":0.0019901999999999997,"children":null}}},"DecideAction":{"count":327,"self":0.1523694,"total":0.1523694,"children":null},"AgentAct":{"count":327,"self":0.0019922,"total":0.0019922,"children":null}}}