{"count":1,"gauges":{"CrawlerDynamic.CumulativeReward":{"count":3,"max":322.5338,"min":66.07499,"value":293.271851,"weightedAverage":170.960236}},"self":33.1842848,"total":34.6914379,"children":{"AgentSendState":{"count":2583,"self":0.0256722,"total":0.1141555,"children":{"CollectObservations":{"count":4136,"self":0.0884833,"total":0.0884833,"children":null}}},"DecideAction":{"count":2583,"self":1.3299393,"total":1.3299393,"children":null},"AgentAct":{"count":2583,"self":0.063059099999999993,"total":0.063059099999999993,"children":null}}}