{"count":1,"gauges":{"CrawlerStatic.CumulativeReward":{"count":1,"max":0.4639264,"min":0.4639264,"value":0.4639264,"weightedAverage":0.4639264}},"self":58.8893056,"total":61.10718,"children":{"AgentSendState":{"count":4567,"self":0.037914199999999995,"total":0.1903113,"children":{"CollectObservations":{"count":9140,"self":0.15239709999999998,"total":0.15239709999999998,"children":null}}},"DecideAction":{"count":4567,"self":1.8796988,"total":1.8796989,"children":null},"AgentAct":{"count":4567,"self":0.1468668,"total":0.1468668,"children":null}}}