{"count":1,"gauges":{"GridWorld.CumulativeReward":{"count":77,"max":1,"min":0.94,"value":0.98,"weightedAverage":0.9773668}},"self":3.7906435999999997,"total":5.720236,"children":{"AgentSendState":{"count":273,"self":0.0049853,"total":0.0059831,"children":{"CollectObservations":{"count":270,"self":0.00099779999999999986,"total":0.00099779999999999986,"children":null}}},"DecideAction":{"count":273,"self":1.5153002999999998,"total":1.9006554999999998,"children":{"CameraSensor.WriteToTensor":{"count":240,"self":0.3644423,"total":0.3644423,"children":null},"RenderTexSensor.GetCompressedObservation":{"count":30,"self":0.020912899999999998,"total":0.020912899999999998,"children":null}}},"AgentAct":{"count":273,"self":0.0229539,"total":0.0229539,"children":null}}}