{"count":1,"gauges":{"Hallway.CumulativeReward":{"count":51,"max":0.960000038,"min":-0.158999845,"value":0.9286669,"weightedAverage":0.817514837}},"self":15.937665599999999,"total":16.4139725,"children":{"AgentSendState":{"count":813,"self":0.0099627,"total":0.010961499999999999,"children":{"CollectObservations":{"count":2176,"self":0.0009988,"total":0.0009988,"children":null}}},"DecideAction":{"count":813,"self":0.42059169999999996,"total":0.4514629,"children":{"RayPerceptionSensor.Perceive":{"count":2176,"self":0.030871199999999998,"total":0.030871199999999998,"children":null}}},"AgentAct":{"count":813,"self":0.012889399999999999,"total":0.012889399999999999,"children":null}}}