{"count":1,"gauges":{"WJAutoCar.CumulativeReward":{"count":2,"max":1.27839577,"min":-0.286587954,"value":-0.286587954,"weightedAverage":0.8871498}},"self":14.785528,"total":14.7977648,"children":{"AgentSendState":{"count":727,"self":1.88E-05,"total":0.0010132,"children":{"CollectObservations":{"count":122,"self":0.00099439999999999988,"total":0.00099439999999999988,"children":null}}},"DecideAction":{"count":727,"self":0.0001548,"total":0.0001548,"children":null},"AgentAct":{"count":727,"self":0.0100707,"total":0.0100707,"children":null}}}