{"count":1,"gauges":{"RollerBallBrain.CumulativeReward":{"count":213,"max":1,"min":0,"value":0,"weightedAverage":0.174143717}},"self":60.017235199999995,"total":96.0472856,"children":{"AgentSendState":{"count":114851,"self":0.6593057,"total":0.9654961,"children":{"CollectObservations":{"count":11486,"self":0.0338865,"total":0.0338865,"children":null},"AgentInfo.ToProto":{"count":11486,"self":0.1115862,"total":0.2723039,"children":{"GenerateSensorData":{"count":11486,"self":0.1607177,"total":0.1607177,"children":null}}}}},"DecideAction":{"count":114851,"self":34.520399999999995,"total":34.520400099999996,"children":null},"AgentAct":{"count":114851,"self":0.5431578,"total":0.5441555,"children":{"AgentInfo.ToProto":{"count":213,"self":0,"total":0.0009977,"children":{"GenerateSensorData":{"count":213,"self":0.0009977,"total":0.0009977,"children":null}}}}}}}