{"count":1,"gauges":{"VisualHallway.CumulativeReward":{"count":6,"max":-0.9999696,"min":-0.9999696,"value":-0.9999696,"weightedAverage":-0.9999696}},"self":14.725183999999999,"total":45.413381099999995,"children":{"AgentSendState":{"count":20251,"self":0.14840989999999998,"total":8.6643277999999988,"children":{"CollectObservations":{"count":3376,"self":0.0035041,"total":0.0035041,"children":null},"AgentInfo.ToProto":{"count":3376,"self":0.032816399999999996,"total":8.5124138,"children":{"GenerateSensorData":{"count":3376,"self":0.058937899999999994,"total":8.4795974,"children":{"CameraSensor.GetCompressedObservation":{"count":3376,"self":8.4206592,"total":8.4206595,"children":null}}}}}}},"DecideAction":{"count":20251,"self":21.8760464,"total":21.8760458,"children":null},"AgentAct":{"count":20251,"self":0.12582849999999998,"total":0.1468265,"children":{"AgentInfo.ToProto":{"count":6,"self":0,"total":0.020998,"children":{"GenerateSensorData":{"count":6,"self":0,"total":0.020998,"children":{"CameraSensor.GetCompressedObservation":{"count":6,"self":0.020998,"total":0.020998,"children":null}}}}}}}}}