{"count":1,"gauges":{"WJAutoCar.CumulativeReward":{"count":10,"max":0.194361985,"min":-0.123878621,"value":0.06664106,"weightedAverage":0.0404614}},"self":23.3867984,"total":65.5883264,"children":{"AgentSendState":{"count":33001,"self":0.2736838,"total":14.4676668,"children":{"CollectObservations":{"count":5501,"self":0.0055594999999999993,"total":0.0055594999999999993,"children":null},"AgentInfo.ToProto":{"count":5501,"self":0.0500314,"total":14.188423499999999,"children":{"GenerateSensorData":{"count":5501,"self":0.088416399999999992,"total":14.138392099999999,"children":{"CameraSensor.GetCompressedObservation":{"count":5501,"self":14.049976,"total":14.0499757,"children":null}}}}}}},"DecideAction":{"count":33001,"self":26.1553936,"total":26.155394299999998,"children":null},"AgentAct":{"count":33001,"self":1.5524894999999999,"total":1.57747,"children":{"AgentInfo.ToProto":{"count":10,"self":0,"total":0.0249805,"children":{"GenerateSensorData":{"count":10,"self":0.0010027999999999999,"total":0.0249805,"children":{"CameraSensor.GetCompressedObservation":{"count":10,"self":0.023977699999999998,"total":0.023977699999999998,"children":null}}}}}}}}}